{"coefficients": [[-1.045573991941739, -0.18188773293342397, 1.077522730186126, -0.3584381984289065, 0.09381019460126101, 0.454348210602872, -0.46354301478149795, -0.12994080657145535, -0.2697742075096601, 0.34593467809104195]], "intercept": [3.063181261611254], "selected_features": [false, false, true, false, false, false, false, true, true, true, true, false, false, false, true, false, false, false, false, true, false, true, false, true, false, false, true, false, false, false], "scaler_mean": [1.9140298416325956e+16, 176.05392156862746, 1.1983872549019607, 2.495, 23.774509803921568, 2.23671568627451, 1.253235294117647, 24.03921568627451, 3.0365686274509804, 2.472720588235294, 1.2009803921568627, 0.17401960784313725, 0.4264705882352941, 0.09313725490196079, 0.4411764705882353, 0.20098039215686275, 0.0196078431372549, 0.014705882352941176, 0.0196078431372549, 0.6421568627450981, 0.01715686274509804, 0.024509803921568627, 0.18872549019607843, 0.24019607843137256, 0.3897058823529412, 0.2818627450980392, 0.08088235294117647, 0.0024509803921568627, 0.0024509803921568627, 0.029411764705882353], "scaler_scale": [1.0, 19.910757618308374, 0.5487556842658061, 1.357132574043307, 15.242102977971259, 1.4490226582989463, 0.5902311972484219, 16.044620116380745, 1.6344214033478777, 1.3810704502652038, 0.49882117862314496, 0.37912634296400183, 0.49456387414118336, 0.29062468348591447, 0.49652773576865095, 0.4007334202750457, 0.1386483884679505, 0.12037283488047723, 0.1386483884679505, 0.47936564997345327, 0.12985570763676083, 0.1546255911332108, 0.3912904030848806, 0.42720243718588785, 0.4876835117291303, 0.44990681037725694, 0.2726543561432229, 0.04944666912213729, 0.04944666912213729, 0.16895772489817729]}